SKU,Nome,Breve descrizione,Lingua,Gruppo di traduzione,Meta: misure_prodotto,Meta: _misure_prodotto,Meta: misure_modello,Meta: _misure_modello,Meta: featured_product,Meta: _featured_product,Meta: costum_shop_image,Meta: _costum_shop_image,Meta: composizione,Meta: _composizione,Meta: _max_variation_sale_price,Meta: _min_variation_sale_price,Meta: _max_variation_regular_price,Meta: _min_variation_regular_price,Meta: _max_variation_price,Meta: _min_variation_price,Meta: _yoast_wpseo_primary_product_cat,Meta: _yoast_wpseo_estimated-reading-time-minutes,Meta: _yoast_wpseo_wordproof_timestamp,Meta: _ebay_watch_count,Meta: _ebay_title,Meta: _ebay_subtitle,Meta: _ebay_ebayplus_enabled,Meta: _ebay_payment_instructions,Meta: _ebay_condition_id,Meta: _ebay_condition_description,Meta: _ebay_professional_grader,Meta: _ebay_grade,Meta: _ebay_certification_number,Meta: _ebay_listing_duration,Meta: _ebay_auction_type,Meta: _ebay_start_price,Meta: _ebay_reserve_price,Meta: _ebay_buynow_price,Meta: _ebay_upc,Meta: _ebay_ean,Meta: _ebay_isbn,Meta: _ebay_mpn,Meta: _ebay_brand,Meta: _ebay_epid,Meta: _ebay_hide_from_unlisted,Meta: _ebay_category_1_id,Meta: _ebay_category_2_id,Meta: _ebay_store_category_1_id,Meta: _ebay_store_category_2_id,Meta: _ebay_gallery_image_url,Meta: _ebay_seller_payment_profile_id,Meta: _ebay_seller_return_profile_id,Meta: _ebay_bestoffer_enabled,Meta: _ebay_bo_autoaccept_price,Meta: _ebay_bo_minimum_price,Meta: _ebay_autopay,Meta: _wc_facebook_sync_enabled,Meta: fb_visibility,Meta: fb_product_description,Meta: _wc_facebook_product_image_source,Meta: _wc_facebook_commerce_enabled,Meta: _yoast_wpseo_primary_fb_product_set,Meta: _wp_old_date,Meta: _yoast_wpseo_meta-robots-noindex,Meta: _yoast_wpseo_meta-robots-nofollow,Meta: _ebay_gpsr_enabled,Meta: _ebay_gpsr_repair_score,Meta: _ebay_gpsr_energy_efficiency_image,Meta: _ebay_gpsr_energy_efficiency_image_eps,Meta: _ebay_gpsr_energy_efficiency_label_description,Meta: _ebay_gpsr_energy_efficiency_sheet_image,Meta: _ebay_gpsr_energy_efficiency_sheet_image_eps,Meta: _ebay_gpsr_hazmat_component,Meta: _ebay_gpsr_manufacturer,Meta: _ebay_gpsr_product_safety_component,Meta: _ebay_gpsr_manufacturer_street1,Meta: _ebay_gpsr_manufacturer_street2,Meta: _ebay_gpsr_manufacturer_city,Meta: _ebay_gpsr_manufacturer_state,Meta: _ebay_gpsr_manufacturer_postcode,Meta: _ebay_gpsr_manufacturer_country,Meta: _ebay_gpsr_manufacturer_company,Meta: _ebay_gpsr_manufacturer_phone,Meta: fb_product_image,Meta: fb_product_price,Meta: _ebay_is_disabled
2305,"Riffblast Quadro ""Alice Across The Sea""","Opera by Riffblast belonging to the series ""Alice In Wonderworlds"". Alice has been made in forex with a thickness of 8mm and hand-painted. Frame with basic white frame included.",it,,48x30x4 cm,field_65778f7066bd9,,,,,,,Wood and Forex,field_664b3a442440b,,,,,,,,,,,,,,,,,,,,,,,,,,,,,,,,,,,,,,,,,,,,,,,,,,,,,,,,,,,,,,,,,,,,,,,,
2306,"Riffblast Quadro ""Alice In Venice""","Opera by Riffblast belonging to the series ""Alice In Wonderworlds"". Alice has been made in forex with a thickness of 8mm and hand-painted. Frame with basic white frame included.",it,,44x43x4 cm,field_65778f7066bd9,,,,,,,Wood and Forex,field_664b3a442440b,,,,,,,,,,,,,,,,,,,,,,,,,,,,,,,,,,,,,,,,,,,,,,,,,,,,,,,,,,,,,,,,,,,,,,,,
2307,"Riffblast Quadro ""Alice In Beautiful Capri Island""","Opera by Riffblast belonging to the series ""Alice In Wonderworlds"". Alice has been made in forex with a thickness of 8mm and hand-painted. Frame with basic white frame included.",it,,48x30x4 cm,field_65778f7066bd9,,,,,,,Wood and Forex,field_664b3a442440b,,,,,,,,,,,,,,,,,,,,,,,,,,,,,,,,,,,,,,,,,,,,,,,,,,,,,,,,,,,,,,,,,,,,,,,,
2308,Riffblast Gucci Italian Scugnizzo,"A Gucci bag becomes a work of art created by Riffblast. Unique piece. Hand-carved and hand-painted wood in the shape of ""Paperino.""",it,,34x26 cm,field_65778f7066bd9,,,,,,,Paper and Wood,field_664b3a442440b,,,,,,,,,,,,,,,,,,,,,,,,,,,,,,,,,,,,,,,,,,,,,,,,,,,,,,,,,,,,,,,,,,,,,,,,
2309,Riffblast Better Louis Than Badly Accompanied,"A Louis Vuitton bag becomes a work of art created by Riffblast. Unique piece. Hand-carved and hand-painted wood themed around ""Cinderella.""",it,,42x25 cm,field_65778f7066bd9,,,,,,,Paper and Wood,field_664b3a442440b,,,,,,,,,,,,,,,,,,,,,,,,,,,,,,,,,,,,,,,,,,,,,,,,,,,,,,,,,,,,,,,,,,,,,,,,
2310,Riffblast Quadro Lisa Simpson,Artwork created by Riffblast. The starting point is a vintage painting with religious subjects reinterpreted in a pop style with the addition of Maggie Simpson in carved and hand-painted wood.,it,,73x40 cm,field_65778f7066bd9,,,,,,,Wood and Canvas,field_664b3a442440b,,,,,,,,,,,,,,,,,,,,,,,,,,,,,,,,,,,,,,,,,,,,,,,,,,,,,,,,,,,,,,,,,,,,,,,,
2311,Riffblast Quadro Lake It Easy,Artwork created by Riffblast. The starting point is a vintage landscape painting that has been reinterpreted in a pop style with the addition of Richie Rich hand-painted with acrylics.,it,,61x82 cm,field_65778f7066bd9,,,,,,,Wood and Canvas,field_664b3a442440b,,,,,,,,,,,,,,,,,,,,,,,,,,,,,,,,,,,,,,,,,,,,,,,,,,,,,,,,,,,,,,,,,,,,,,,,
2312,Sin City Original Cinema Poster,Original movie poster of the film Sin City.,it,,58.5x39 cm,field_65778f7066bd9,,,,,,,Letter,field_664b3a442440b,,,,,,,,,,,,,,,,,,,,,,,,,,,,,,,,,,,,,,,,,,,,,,,,,,,,,,,,,,,,,,,,,,,,,,,,
2313,Billy Elliot Original Cinema Poster,Original movie poster for the film Billy Elliot.,it,,64x44 cm,field_65778f7066bd9,,,,,,,Letter,field_664b3a442440b,,,,,,,,,,,,,,,,,,,,,,,,,,,,,,,,,,,,,,,,,,,,,,,,,,,,,,,,,,,,,,,,,,,,,,,,
2314,Snow White and the Seven Dwarfs Original Poster,"Original cinema poster of ""Baincaneve e i sette nani.""",it,,63x45 cm,field_65778f7066bd9,,,,,,,Letter,field_664b3a442440b,,,,,,,,,,,,,,,,,,,,,,,,,,,,,,,,,,,,,,,,,,,,,,,,,,,,,,,,,,,,,,,,,,,,,,,,
2315,The Legend of the Pianist on the Ocean Original Movie Poster,"Original cinema poster of the film ""La Leggenda Del Pianista Sull'Oceano.""",it,,61.5x42.5 cm,field_65778f7066bd9,,,,,,,Letter,field_664b3a442440b,,,,,,,,,,,,,,,,,,,,,,,,,,,,,,,,,,,,,,,,,,,,,,,,,,,,,,,,,,,,,,,,,,,,,,,,
2316,Heidi Poster Original Cinema,Original cinema poster of Heidi.,it,,68x45.5 cm,field_65778f7066bd9,,,,,,,Letter,field_664b3a442440b,,,,,,,,,,,,,,,,,,,,,,,,,,,,,,,,,,,,,,,,,,,,,,,,,,,,,,,,,,,,,,,,,,,,,,,,
2317,Sophie Marceau Original Photo Poster,"Original cinema photobust of the film ""Il tempo delle mele"" featuring the protagonist Sophie Marceau.",it,,66x45.5 cm,field_65778f7066bd9,,,,,,,Letter,field_664b3a442440b,,,,,,,,,,,,,,,,,,,,,,,,,,,,,,,,,,,,,,,,,,,,,,,,,,,,,,,,,,,,,,,,,,,,,,,,
2318,The Bestial Loves of Luana Original Vintage Erotic Poster,"Original Vintage Erotic Poster. The poster is dated, so it may have small imperfections at the edges that do not compromise the image.",it,,140x100,field_65778f7066bd9,,,,,,,Letter,field_664b3a442440b,,,,,,,,,,,,,,,,,,,,,,,,,,,,,,,,,,,,,,,,,,,,,,,,,,,,,,,,,,,,,,,,,,,,,,,,
2319,Frida Vintage Original Erotic Poster,"Original Vintage Erotic Poster. The poster is dated, so it may have small imperfections at the edges that do not compromise the image.",it,,140x100,field_65778f7066bd9,,,,,,,Letter,field_664b3a442440b,,,,,,,,,,,,,,,,,,,,,,,,,,,,,,,,,,,,,,,,,,,,,,,,,,,,,,,,,,,,,,,,,,,,,,,,
2320,Moana The Trans And The Big Tits Vintage Original Erotic Poster,"Original Vintage Erotic Poster. The poster is dated, so it may have small imperfections at the edges that do not compromise the image.",it,,140x100,field_65778f7066bd9,,,,,,,Letter,field_664b3a442440b,,,,,,,,,,,,,,,,,,,,,,,,,,,,,,,,,,,,,,,,,,,,,,,,,,,,,,,,,,,,,,,,,,,,,,,,
2321,In the Depths of Annie Vintage Original Erotic Poster,"Original Vintage Erotic Poster. The poster is dated, so it may have small imperfections at the edges that do not compromise the image.",it,,140x100,field_65778f7066bd9,,,,,,,Letter,field_664b3a442440b,,,,,,,,,,,,,,,,,,,,,,,,,,,,,,,,,,,,,,,,,,,,,,,,,,,,,,,,,,,,,,,,,,,,,,,,
2322,Tocco Magico Moana Erotic Vintage Original Poster,"Original Vintage Erotic Poster. The poster is dated, so it may have small imperfections at the edges that do not compromise the image.",it,,140x100,field_65778f7066bd9,,,,,,,Letter,field_664b3a442440b,,,,,,,,,,,,,,,,,,,,,,,,,,,,,,,,,,,,,,,,,,,,,,,,,,,,,,,,,,,,,,,,,,,,,,,,
2323,The Pon Pon Girls Vintage Original Erotic Poster,"Original Vintage Erotic Poster. The poster is dated, so it may have small imperfections at the edges that do not compromise the image.",it,,140x100,field_65778f7066bd9,,,,,,,Letter,field_664b3a442440b,,,,,,,,,,,,,,,,,,,,,,,,,,,,,,,,,,,,,,,,,,,,,,,,,,,,,,,,,,,,,,,,,,,,,,,,
2324,Starved For...Unripe Fruit Vintage Original Erotic Poster,"Original Vintage Erotic Poster. The poster is dated, so it may have small imperfections at the edges that do not compromise the image.",it,,140x100,field_65778f7066bd9,,,,,,,Letter,field_664b3a442440b,,,,,,,,,,,,,,,,,,,,,,,,,,,,,,,,,,,,,,,,,,,,,,,,,,,,,,,,,,,,,,,,,,,,,,,,
2325,Insatiable Cravings Vintage Original Erotic Poster,"Original Vintage Erotic Poster. The poster is dated, so it may have small imperfections at the edges that do not compromise the image.",it,,140x100,field_65778f7066bd9,,,,,,,Letter,field_664b3a442440b,,,,,,,,,,,,,,,,,,,,,,,,,,,,,,,,,,,,,,,,,,,,,,,,,,,,,,,,,,,,,,,,,,,,,,,,
2326,Timidessen x East Market Milan Notebook Sant'Ansia,"Timidessen Notebook x East Market Milano made in a limited edition. A5 format, spiral binding, blank pages.",it,,A5,field_65778f7066bd9,,,,,,,,,,,,,,,,,,,,,,,,,,,,,,,,,,,,,,,,,,,,,,,,,,,,,,,,,2024-10-18,,,,,,,,,,,,,,,,,,,,,,,
2327,Timidessen x East Market Milan Notebook Paranoia To the Stars,"Timidessen Notebook x East Market Milano made in limited edition. A5 format, spiral binding, 0.5 cm grid sheets.",it,,A5,field_65778f7066bd9,,,,,,,,,,,,,,,,,,,,,,,,,,,,,,,,,,,,,,,,,,,,,,,,,,,,,,,,,2024-10-18,,,,,,,,,,,,,,,,,,,,,,,
2328,Timidessen x East Market Milan Notebook How are you? I'm not well.,"Timidessen Notebook x East Market Milano made in a limited edition. A5 format, spiral binding, lined pages with a spacing of 0.5 cm.",it,,A5,field_65778f7066bd9,,,,,,,,,,,,,,,,,,,,,,,,,,,,,,,,,,,,,,,,,,,,,,,,,,,,,,,,,2024-10-18,,,,,,,,,,,,,,,,,,,,,,,
2338,Ex Voto Handmade By Love Mareea,"Ex voto handmade in Italy by Love Mareea that uses discarded materials such as old bags, velvet garments, lace, jewelry, and vintage frames for her creations. The ex voto is an ancient tradition and with Maria Grazia it has fused with new languages, forms of reflection, and contemporary artistic expression, allowing the creation of works inspired not only by the concept of devotion but exploring broader themes such as identity and rebirth: a symbol that becomes a means to express emotions and individual narratives.",it,,12x10 cm,field_65778f7066bd9,,,,,,,Recyclable materials,field_664b3a442440b,,,,,,,,,,,,,,,,,,,,,,,,,,,,,,,,,,,,,,,,,,,,,,,,,,,,,,,,,,,,,,,,,,,,,,,,
2339,Ex Voto Handmade By Love Mareea,"Ex voto handmade in Italy by Love Mareea that uses discarded materials such as old bags, velvet garments, lace, jewelry, and vintage frames for her creations. The ex voto is an ancient tradition and with Maria Grazia it has fused with new languages, forms of reflection, and contemporary artistic expression, allowing the creation of works inspired not only by the concept of devotion but exploring broader themes such as identity and rebirth: a symbol that becomes a means to express emotions and individual narratives.",it,,12x10 cm,field_65778f7066bd9,,,,,,,Recyclable materials,field_664b3a442440b,,,,,,,,,,,,,,,,,,,,,,,,,,,,,,,,,,,,,,,,,,,,,,,,,,,,,,,,,,,,,,,,,,,,,,,,
2340,Ex Voto Handmade By Love Mareea,"Ex voto handmade in Italy by Love Mareea that uses discarded materials such as old bags, velvet garments, lace, jewelry, and vintage frames for her creations. The ex voto is an ancient tradition and with Maria Grazia it has fused with new languages, forms of reflection, and contemporary artistic expression, allowing the creation of works inspired not only by the concept of devotion but exploring broader themes such as identity and rebirth: a symbol that becomes a means to express emotions and individual narratives.",it,,13x9 cm,field_65778f7066bd9,,,,,,,Recyclable materials,field_664b3a442440b,,,,,,,,,,,,,,,,,,,,,,,,,,,,,,,,,,,,,,,,,,,,,,,,,,,,,,,,,,,,,,,,,,,,,,,,
2341,Ex Voto Handmade By Love Mareea,"Ex voto handmade in Italy by Love Mareea that uses discarded materials such as old bags, velvet garments, lace, jewelry, and vintage frames for her creations. The ex voto is an ancient tradition and with Maria Grazia it has fused with new languages, forms of reflection, and contemporary artistic expression, allowing the creation of works inspired not only by the concept of devotion but exploring broader themes such as identity and rebirth: a symbol that becomes a means to express emotions and individual narratives.",it,,13x12 cm,field_65778f7066bd9,,,,,,,Recyclable materials,field_664b3a442440b,,,,,,,,,,,,,,,,,,,,,,,,,,,,,,,,,,,,,,,,,,,,,,,,,,,,,,,,,,,,,,,,,,,,,,,,
2342,Ex Voto Handmade By Love Mareea,"Ex voto handmade in Italy by Love Mareea that uses discarded materials such as old bags, velvet garments, lace, jewelry, and vintage frames for her creations. The ex voto is an ancient tradition and with Maria Grazia it has fused with new languages, forms of reflection, and contemporary artistic expression, allowing the creation of works inspired not only by the concept of devotion but exploring broader themes such as identity and rebirth: a symbol that becomes a means to express emotions and individual narratives.",it,,20x13 cm,field_65778f7066bd9,,,,,,,Recyclable materials,field_664b3a442440b,,,,,,,,,,,,,,,,,,,,,,,,,,,,,,,,,,,,,,,,,,,,,,,,,,,,,,,,,,,,,,,,,,,,,,,,
2343,Ex Voto Handmade By Love Mareea,"Ex voto handmade in Italy by Love Mareea that uses discarded materials such as old bags, velvet garments, lace, jewelry, and vintage frames for her creations. The ex voto is an ancient tradition and with Maria Grazia it has fused with new languages, forms of reflection, and contemporary artistic expression, allowing the creation of works inspired not only by the concept of devotion but exploring broader themes such as identity and rebirth: a symbol that becomes a means to express emotions and individual narratives.",it,,14x15 cm,field_65778f7066bd9,,,,,,,Recyclable materials,field_664b3a442440b,,,,,,,,,,,,,,,,,,,,,,,,,,,,,,,,,,,,,,,,,,,,,,,,,,,,,,,,,,,,,,,,,,,,,,,,
2344,Ex Voto Handmade By Love Mareea,"Ex voto handmade in Italy by Love Mareea that uses discarded materials such as old bags, velvet garments, lace, jewelry, and vintage frames for her creations. The ex voto is an ancient tradition and with Maria Grazia it has fused with new languages, forms of reflection, and contemporary artistic expression, allowing the creation of works inspired not only by the concept of devotion but exploring broader themes such as identity and rebirth: a symbol that becomes a means to express emotions and individual narratives.",it,,17.5x17.5 cm,field_65778f7066bd9,,,,,,,Recyclable materials,field_664b3a442440b,,,,,,,,,,,,,,,,,,,,,,,,,,,,,,,,,,,,,,,,,,,,,,,,,,,,,,,,,,,,,,,,,,,,,,,,
2345,Ex Voto Handmade By Love Mareea,"Ex voto handmade in Italy by Love Mareea that uses discarded materials such as old bags, velvet garments, lace, jewelry, and vintage frames for her creations. The ex voto is an ancient tradition and with Maria Grazia it has fused with new languages, forms of reflection, and contemporary artistic expression, allowing the creation of works inspired not only by the concept of devotion but exploring broader themes such as identity and rebirth: a symbol that becomes a means to express emotions and individual narratives.",it,,15x19 cm,field_65778f7066bd9,,,,,,,Recyclable materials,field_664b3a442440b,,,,,,,,,,,,,,,,,,,,,,,,,,,,,,,,,,,,,,,,,,,,,,,,,,,,,,,,,,,,,,,,,,,,,,,,
2346,Ex Voto Handmade By Love Mareea,"Ex voto handmade in Italy by Love Mareea that uses discarded materials such as old bags, velvet garments, lace, jewelry, and vintage frames for her creations. The ex voto is an ancient tradition and with Maria Grazia it has fused with new languages, forms of reflection, and contemporary artistic expression, allowing the creation of works inspired not only by the concept of devotion but exploring broader themes such as identity and rebirth: a symbol that becomes a means to express emotions and individual narratives.",it,,10x14 cm,field_65778f7066bd9,,,,,,,Recyclable materials,field_664b3a442440b,,,,,,,,,,,,,,,,,,,,,,,,,,,,,,,,,,,,,,,,,,,,,,,,,,,,,,,,,,,,,,,,,,,,,,,,
2347,Ex Voto Handmade By Love Mareea,"Ex voto handmade in Italy by Love Mareea that uses discarded materials such as old bags, velvet garments, lace, jewelry, and vintage frames for her creations. The ex voto is an ancient tradition and with Maria Grazia it has fused with new languages, forms of reflection, and contemporary artistic expression, allowing the creation of works inspired not only by the concept of devotion but exploring broader themes such as identity and rebirth: a symbol that becomes a means to express emotions and individual narratives.",it,,16x13 cm,field_65778f7066bd9,,,,,,,Recyclable materials,field_664b3a442440b,,,,,,,,,,,,,,,,,,,,,,,,,,,,,,,,,,,,,,,,,,,,,,,,,,,,,,,,,,,,,,,,,,,,,,,,
2348,Ex Voto Handmade By Love Mareea,"Ex voto handmade in Italy by Love Mareea that uses discarded materials such as old bags, velvet garments, lace, jewelry, and vintage frames for her creations. The ex voto is an ancient tradition and with Maria Grazia it has fused with new languages, forms of reflection, and contemporary artistic expression, allowing the creation of works inspired not only by the concept of devotion but exploring broader themes such as identity and rebirth: a symbol that becomes a means to express emotions and individual narratives.",it,,13x11 cm,field_65778f7066bd9,,,,,,,Recyclable materials,field_664b3a442440b,,,,,,,,,,,,,,,,,,,,,,,,,,,,,,,,,,,,,,,,,,,,,,,,,,,,,,,,,,,,,,,,,,,,,,,,
2329,"Ueila Milano White T-Shirt with Embroidery ""Only Miuccia Can Judge Me""",White T-shirt in 100% organic cotton with red embroidery designed and made by Ueila Milano.,it,,,field_65778f7066bd9,,field_65778fe4a5e29,,,,field_65d8aae32342a,100% Organic Cotton,field_664b3a442440b,,,,,,,5653.0,,,,,,0.0,,,,,,,,,,,,,,,,,,0.0,,,,,,,,,,,,,,,,no,,,,,,,,,,,,,,,,,,,,,,,,,
2330,"Ueila Milano White T-Shirt with ""Stronzetta"" Embroidery",White T-shirt in 100% organic cotton with red embroidery designed and made by Ueila Milano.,it,,,field_65778f7066bd9,,field_65778fe4a5e29,,,,field_65d8aae32342a,100% Organic Cotton,field_664b3a442440b,,,,,,,5653.0,,,,,,0.0,,,,,,,,,,,,,,,,,,0.0,,,,,,,,,,,,,,,,no,,,,,,,,,,,,,,,,,,,,,,,,,
2331,"Ueila Milano White T Shirt with Embroidery ""Si, Ma Calmati""",White T-shirt in 100% organic cotton with red embroidery designed and made by Ueila Milano.,it,,,field_65778f7066bd9,,field_65778fe4a5e29,,,,field_65d8aae32342a,100% Organic Cotton,field_664b3a442440b,,,,,,,5653.0,,,,,,0.0,,,,,,,,,,,,,,,,,,0.0,,,,,,,,,,,,,,,,no,,,,,,,,,,,,,,,,,,,,,,,,,
2332,"Ueila Milano White T-Shirt with ""Milanese"" Embroidery",White T-shirt in 100% organic cotton with red embroidery designed and made by Ueila Milano.,it,,,field_65778f7066bd9,,field_65778fe4a5e29,,,,field_65d8aae32342a,100% Organic Cotton,field_664b3a442440b,,,,,,,5653.0,,,,,,0.0,,,,,,,,,,,,,,,,,,0.0,,,,,,,,,,,,,,,,no,,,,,,,,,,,,,,,,,,,,,,,,,
2333,"Ueila Milano White T-Shirt with Embroidery ""Piccola Cogliona""",White T-shirt in 100% organic cotton with red embroidery designed and made by Ueila Milano.,it,,,field_65778f7066bd9,,field_65778fe4a5e29,,,,field_65d8aae32342a,100% Organic Cotton,field_664b3a442440b,,,,,,,5653.0,,,,,,0.0,,,,,,,,,,,,,,,,,,0.0,,,,,,,,,,,,,,,,no,,,,,,,,,,,,,,,,,,,,,,,,,
2329-XS,"Ueila Milano White T-Shirt with Embroidery ""Only Miuccia Can Judge Me"" - XS",,it,,,,,,,,,,100% Organic Cotton,field_664b3a442440b,,,,,,,,,,,,,,,,,,,,,,,,,,,,,,,,,,,,,,,,,,,,,,,,,,,,,,,,,,,,,,,,,,,,,,,,
2329-S,"Ueila Milano White T-Shirt with Embroidery ""Only Miuccia Can Judge Me"" - S",,it,,,,,,,,,,100% Organic Cotton,field_664b3a442440b,,,,,,,,,,,,,,,,,,,,,,,,,,,,,,,,,,,,,,,,,,,,,,,,,,,,,,,,,,,,,,,,,,,,,,,,
2329-M,"Ueila Milano White T-Shirt with Embroidery ""Only Miuccia Can Judge Me"" - M",,it,,,,,,,,,,100% Organic Cotton,field_664b3a442440b,,,,,,,,,,,,,,,,,,,,,,,,,,,,,,,,,,,,,,,,,,,,,,,,,,,,,,,,,,,,,,,,,,,,,,,,
2329-L,"Ueila Milano White T-Shirt with Embroidery ""Only Miuccia Can Judge Me"" - L",,it,,,,,,,,,,100% Organic Cotton,field_664b3a442440b,,,,,,,,,,,,,,,,,,,,,,,,,,,,,,,,,,,,,,,,,,,,,,,,,,,,,,,,,,,,,,,,,,,,,,,,
2329-XL,"Ueila Milano White T Shirt with Embroidery ""Only Miuccia Can Judge Me"" - XL",,it,,,,,,,,,,100% Organic Cotton,field_664b3a442440b,,,,,,,,,,,,,,,,,,,,,,,,,,,,,,,,,,,,,,,,,,,,,,,,,,,,,,,,,,,,,,,,,,,,,,,,
2330-XS,"Ueila Milano White T-Shirt with Embroidery ""Stronzetta"" - XS",,it,,,,,,,,,,100% Organic Cotton,field_664b3a442440b,,,,,,,,,,,,,,,,,,,,,,,,,,,,,,,,,,,,,,,,,,,,,,,,,,,,,,,,,,,,,,,,,,,,,,,,
2330-S,"Ueila Milano White T-Shirt with Embroidery ""Stronzetta"" - S",,it,,,,,,,,,,100% Organic Cotton,field_664b3a442440b,,,,,,,,,,,,,,,,,,,,,,,,,,,,,,,,,,,,,,,,,,,,,,,,,,,,,,,,,,,,,,,,,,,,,,,,
2330-M,"Ueila Milano White T-Shirt with Embroidery ""Stronzetta"" - M",,it,,,,,,,,,,100% Organic Cotton,field_664b3a442440b,,,,,,,,,,,,,,,,,,,,,,,,,,,,,,,,,,,,,,,,,,,,,,,,,,,,,,,,,,,,,,,,,,,,,,,,
2330-L,"Ueila Milano White T-Shirt with Embroidery ""Stronzetta"" - L",,it,,,,,,,,,,100% Organic Cotton,field_664b3a442440b,,,,,,,,,,,,,,,,,,,,,,,,,,,,,,,,,,,,,,,,,,,,,,,,,,,,,,,,,,,,,,,,,,,,,,,,
2330-XL,"Ueila Milano White T-Shirt with ""Stronzetta"" Embroidery - XL",,it,,,,,,,,,,100% Organic Cotton,field_664b3a442440b,,,,,,,,,,,,,,,,,,,,,,,,,,,,,,,,,,,,,,,,,,,,,,,,,,,,,,,,,,,,,,,,,,,,,,,,
2331-XS,"Ueila Milano White T-Shirt with Embroidery ""Yes, But Calm Down"" - XS",,it,,,,,,,,,,100% Organic Cotton,field_664b3a442440b,,,,,,,,,,,,,,,,,,,,,,,,,,,,,,,,,,,,,,,,,,,,,,,,,,,,,,,,,,,,,,,,,,,,,,,,
2331-S,"Ueila Milano White T-Shirt with Embroidery ""Si, Ma Calmati"" - S",,it,,,,,,,,,,100% Organic Cotton,field_664b3a442440b,,,,,,,,,,,,,,,,,,,,,,,,,,,,,,,,,,,,,,,,,,,,,,,,,,,,,,,,,,,,,,,,,,,,,,,,
2331-M,"Ueila Milano White T-Shirt with Embroidery ""Yes, But Calm Down"" - M",,it,,,,,,,,,,100% Organic Cotton,field_664b3a442440b,,,,,,,,,,,,,,,,,,,,,,,,,,,,,,,,,,,,,,,,,,,,,,,,,,,,,,,,,,,,,,,,,,,,,,,,
2331-L,"Ueila Milano White T-Shirt with Embroidery ""Si, Ma Calmati"" - L",,it,,,,,,,,,,100% Organic Cotton,field_664b3a442440b,,,,,,,,,,,,,,,,,,,,,,,,,,,,,,,,,,,,,,,,,,,,,,,,,,,,,,,,,,,,,,,,,,,,,,,,
2331-XL,"Ueila Milano White T-Shirt with Embroidery ""Si, Ma Calmati"" - XL",,it,,,,,,,,,,100% Organic Cotton,field_664b3a442440b,,,,,,,,,,,,,,,,,,,,,,,,,,,,,,,,,,,,,,,,,,,,,,,,,,,,,,,,,,,,,,,,,,,,,,,,
2332-XS,"Ueila Milano White T Shirt with ""Milanese"" Embroidery - XS",,it,,,,,,,,,,100% Organic Cotton,field_664b3a442440b,,,,,,,,,,,,,,,,,,,,,,,,,,,,,,,,,,,,,,,,,,,,,,,,,,,,,,,,,,,,,,,,,,,,,,,,
2332-S,"Ueila Milano White T-Shirt with ""Milanese"" Embroidery - S",,it,,,,,,,,,,100% Organic Cotton,field_664b3a442440b,,,,,,,,,,,,,,,,,,,,,,,,,,,,,,,,,,,,,,,,,,,,,,,,,,,,,,,,,,,,,,,,,,,,,,,,
2332-M,"Ueila Milano White T-Shirt with ""Milanese"" Embroidery - M",,it,,,,,,,,,,100% Organic Cotton,field_664b3a442440b,,,,,,,,,,,,,,,,,,,,,,,,,,,,,,,,,,,,,,,,,,,,,,,,,,,,,,,,,,,,,,,,,,,,,,,,
2332-L,"Ueila Milano White T-Shirt with ""Milanese"" Embroidery - L",,it,,,,,,,,,,100% Organic Cotton,field_664b3a442440b,,,,,,,,,,,,,,,,,,,,,,,,,,,,,,,,,,,,,,,,,,,,,,,,,,,,,,,,,,,,,,,,,,,,,,,,
2332-XL,"Ueila Milano White T-Shirt with ""Milanese"" Embroidery - XL",,it,,,,,,,,,,100% Organic Cotton,field_664b3a442440b,,,,,,,,,,,,,,,,,,,,,,,,,,,,,,,,,,,,,,,,,,,,,,,,,,,,,,,,,,,,,,,,,,,,,,,,
2333-XS,"Ueila Milano White T-Shirt with Embroidery ""Piccola Cogliona"" - XS",,it,,,,,,,,,,100% Organic Cotton,field_664b3a442440b,,,,,,,,,,,,,,,,,,,,,,,,,,,,,,,,,,,,,,,,,,,,,,,,,,,,,,,,,,,,,,,,,,,,,,,,
2333-S,"Ueila Milano White T-Shirt with Embroidery ""Piccola Cogliona"" - S",,it,,,,,,,,,,100% Organic Cotton,field_664b3a442440b,,,,,,,,,,,,,,,,,,,,,,,,,,,,,,,,,,,,,,,,,,,,,,,,,,,,,,,,,,,,,,,,,,,,,,,,
2333-M,"Ueila Milano White T-Shirt with Embroidery ""Piccola Cogliona"" - M",,it,,,,,,,,,,100% Organic Cotton,field_664b3a442440b,,,,,,,,,,,,,,,,,,,,,,,,,,,,,,,,,,,,,,,,,,,,,,,,,,,,,,,,,,,,,,,,,,,,,,,,
2333-L,"Ueila Milano White T-Shirt with Embroidery ""Piccola Cogliona"" - L",,it,,,,,,,,,,100% Organic Cotton,field_664b3a442440b,,,,,,,,,,,,,,,,,,,,,,,,,,,,,,,,,,,,,,,,,,,,,,,,,,,,,,,,,,,,,,,,,,,,,,,,
2333-XL,"Ueila Milano White T-Shirt with Embroidery ""Piccola Cogliona"" - XL",,it,,,,,,,,,,100% Organic Cotton,field_664b3a442440b,,,,,,,,,,,,,,,,,,,,,,,,,,,,,,,,,,,,,,,,,,,,,,,,,,,,,,,,,,,,,,,,,,,,,,,,
2334,"Ueila Milano White T-Shirt with Embroidery ""Sta Su De Doss""",White T-shirt in 100% organic cotton with red embroidery designed and made by Ueila Milano.,it,,,field_65778f7066bd9,,field_65778fe4a5e29,,,,field_65d8aae32342a,100% Organic Cotton,field_664b3a442440b,,,,,,,5653.0,,,,,,0.0,,,,,,,,,,,,,,,,,,0.0,,,,,,,,,,,,,,,,no,,,,,,,,,,,,,,,,,,,,,,,,,
2335,"Ueila Milano White T-Shirt with Embroidery ""+ Droga -Yoga""",White T-shirt in 100% organic cotton with red embroidery designed and made by Ueila Milano.,it,,,field_65778f7066bd9,,field_65778fe4a5e29,,,,field_65d8aae32342a,100% Organic Cotton,field_664b3a442440b,,,,,,,5653.0,,,,,,0.0,,,,,,,,,,,,,,,,,,0.0,,,,,,,,,,,,,,,,no,,,,,,,,,,,,,,,,,,,,,,,,,
2336,"Ueila Milano White T-Shirt with ""Sciura"" Embroidery",White T-shirt in 100% organic cotton with red embroidery designed and made by Ueila Milano.,it,,,field_65778f7066bd9,,field_65778fe4a5e29,,,,field_65d8aae32342a,100% Organic Cotton,field_664b3a442440b,,,,,,,5653.0,,,,,,0.0,,,,,,,,,,,,,,,,,,0.0,,,,,,,,,,,,,,,,no,,,,,,,,,,,,,,,,,,,,,,,,,
2337,"Ueila Milano White T-Shirt with Embroidery ""A Milano Limoniamo""",White T-shirt in 100% organic cotton with red embroidery designed and made by Ueila Milano.,it,,,field_65778f7066bd9,,field_65778fe4a5e29,,,,field_65d8aae32342a,100% Organic Cotton,field_664b3a442440b,,,,,,,5653.0,,,,,,0.0,,,,,,,,,,,,,,,,,,0.0,,,,,,,,,,,,,,,,no,,,,,,,,,,,,,,,,,,,,,,,,,
2334-XS,"Ueila Milano White T-Shirt with Embroidery ""Sta Su De Doss"" - XS",,it,,,,,,,,,,100% Organic Cotton,field_664b3a442440b,,,,,,,,,,,,,,,,,,,,,,,,,,,,,,,,,,,,,,,,,,,,,,,,,,,,,,,,,,,,,,,,,,,,,,,,
2334-S,"Ueila Milano White T-Shirt with Embroidery ""Sta Su De Doss"" - S",,it,,,,,,,,,,100% Organic Cotton,field_664b3a442440b,,,,,,,,,,,,,,,,,,,,,,,,,,,,,,,,,,,,,,,,,,,,,,,,,,,,,,,,,,,,,,,,,,,,,,,,
2334-M,"Ueila Milano White T-Shirt with Embroidery ""Sta Su De Doss"" - M",,it,,,,,,,,,,100% Organic Cotton,field_664b3a442440b,,,,,,,,,,,,,,,,,,,,,,,,,,,,,,,,,,,,,,,,,,,,,,,,,,,,,,,,,,,,,,,,,,,,,,,,
2334-L,"Ueila Milano White T-Shirt with Embroidery ""Sta Su De Doss"" - L",,it,,,,,,,,,,100% Organic Cotton,field_664b3a442440b,,,,,,,,,,,,,,,,,,,,,,,,,,,,,,,,,,,,,,,,,,,,,,,,,,,,,,,,,,,,,,,,,,,,,,,,
2334-XL,"Ueila Milano White T-Shirt with Embroidery ""Sta Su De Doss"" - XL",,it,,,,,,,,,,100% Organic Cotton,field_664b3a442440b,,,,,,,,,,,,,,,,,,,,,,,,,,,,,,,,,,,,,,,,,,,,,,,,,,,,,,,,,,,,,,,,,,,,,,,,
2335-XS,"Ueila Milano White T-Shirt with Embroidery ""+ Droga -Yoga"" - XS",,it,,,,,,,,,,100% Organic Cotton,field_664b3a442440b,,,,,,,,,,,,,,,,,,,,,,,,,,,,,,,,,,,,,,,,,,,,,,,,,,,,,,,,,,,,,,,,,,,,,,,,
2335-S,"Ueila Milano White T-Shirt with Embroidery ""+ Droga -Yoga"" - S",,it,,,,,,,,,,100% Organic Cotton,field_664b3a442440b,,,,,,,,,,,,,,,,,,,,,,,,,,,,,,,,,,,,,,,,,,,,,,,,,,,,,,,,,,,,,,,,,,,,,,,,
2335-M,"Ueila Milano White T-Shirt with Embroidery ""+ Droga -Yoga"" - M",,it,,,,,,,,,,100% Organic Cotton,field_664b3a442440b,,,,,,,,,,,,,,,,,,,,,,,,,,,,,,,,,,,,,,,,,,,,,,,,,,,,,,,,,,,,,,,,,,,,,,,,
2335-L,"Ueila Milano White T-Shirt with Embroidery ""+ Droga -Yoga"" - L",,it,,,,,,,,,,100% Organic Cotton,field_664b3a442440b,,,,,,,,,,,,,,,,,,,,,,,,,,,,,,,,,,,,,,,,,,,,,,,,,,,,,,,,,,,,,,,,,,,,,,,,
2335-XL,"Ueila Milano White T-Shirt with Embroidery ""+ Droga -Yoga"" - XL",,it,,,,,,,,,,100% Organic Cotton,field_664b3a442440b,,,,,,,,,,,,,,,,,,,,,,,,,,,,,,,,,,,,,,,,,,,,,,,,,,,,,,,,,,,,,,,,,,,,,,,,
2336-XS,"Ueila Milano White T-Shirt with Embroidery ""Sciura"" - XS",,it,,,,,,,,,,100% Organic Cotton,field_664b3a442440b,,,,,,,,,,,,,,,,,,,,,,,,,,,,,,,,,,,,,,,,,,,,,,,,,,,,,,,,,,,,,,,,,,,,,,,,
2336-S,"Ueila Milano White T-Shirt with ""Sciura"" Embroidery - S",,it,,,,,,,,,,100% Organic Cotton,field_664b3a442440b,,,,,,,,,,,,,,,,,,,,,,,,,,,,,,,,,,,,,,,,,,,,,,,,,,,,,,,,,,,,,,,,,,,,,,,,
2336-M,"Ueila Milano White T-Shirt with ""Sciura"" Embroidery - M",,it,,,,,,,,,,100% Organic Cotton,field_664b3a442440b,,,,,,,,,,,,,,,,,,,,,,,,,,,,,,,,,,,,,,,,,,,,,,,,,,,,,,,,,,,,,,,,,,,,,,,,
2336-L,"Ueila Milano White T-Shirt with ""Sciura"" Embroidery - L",,it,,,,,,,,,,100% Organic Cotton,field_664b3a442440b,,,,,,,,,,,,,,,,,,,,,,,,,,,,,,,,,,,,,,,,,,,,,,,,,,,,,,,,,,,,,,,,,,,,,,,,
2336-XL,"Ueila Milano White T-Shirt with Embroidery ""Sciura"" - XL",,it,,,,,,,,,,100% Organic Cotton,field_664b3a442440b,,,,,,,,,,,,,,,,,,,,,,,,,,,,,,,,,,,,,,,,,,,,,,,,,,,,,,,,,,,,,,,,,,,,,,,,
2337-XS,"Ueila Milano White T-Shirt with Embroidery ""A Milano Limoniamo"" - XS",,it,,,,,,,,,,100% Organic Cotton,field_664b3a442440b,,,,,,,,,,,,,,,,,,,,,,,,,,,,,,,,,,,,,,,,,,,,,,,,,,,,,,,,,,,,,,,,,,,,,,,,
2337-S,"Ueila Milano White T-Shirt with Embroidery ""A Milano Limoniamo"" - S",,it,,,,,,,,,,100% Organic Cotton,field_664b3a442440b,,,,,,,,,,,,,,,,,,,,,,,,,,,,,,,,,,,,,,,,,,,,,,,,,,,,,,,,,,,,,,,,,,,,,,,,
2337-M,"Ueila Milano White T-Shirt with Embroidery ""A Milano Limoniamo"" - M",,it,,,,,,,,,,100% Organic Cotton,field_664b3a442440b,,,,,,,,,,,,,,,,,,,,,,,,,,,,,,,,,,,,,,,,,,,,,,,,,,,,,,,,,,,,,,,,,,,,,,,,
2337-L,"Ueila Milano White T-Shirt with Embroidery ""A Milano Limoniamo"" - L",,it,,,,,,,,,,100% Organic Cotton,field_664b3a442440b,,,,,,,,,,,,,,,,,,,,,,,,,,,,,,,,,,,,,,,,,,,,,,,,,,,,,,,,,,,,,,,,,,,,,,,,
2337-XL,"Ueila Milano White T-Shirt with Embroidery ""A Milano Limoniamo"" - XL",,it,,,,,,,,,,100% Organic Cotton,field_664b3a442440b,,,,,,,,,,,,,,,,,,,,,,,,,,,,,,,,,,,,,,,,,,,,,,,,,,,,,,,,,,,,,,,,,,,,,,,,
2426,Rockwood Pants from the '70s in Blue Velvet,"Rockwood vintage pants from the '70s, made of soft corduroy. Wide flared cut, zip and button closure, 5 pockets.",it,,Bust: 34 cm. Hips: 46 cm,field_65778f7066bd9,,field_65778fe4a5e29,,,,field_65d8aae32342a,100% Cotton,field_664b3a442440b,,,,,,,,,,,,,0.0,,,,,,,,,,,,,,,,,,0.0,,,,,,,,,,,,yes,yes,,product,no,,,,,,,,,,,,,,,,,,,,,,,,,
2427,Rockwood Pants from the '70s in Purple Velvet,"Rockwood vintage pants from the '70s, made of soft corduroy. Wide flared cut, zip and button closure, 5 pockets.",it,,Bust: 34 cm. Hips: 46 cm,field_65778f7066bd9,,field_65778fe4a5e29,,,,field_65d8aae32342a,100% Cotton,field_664b3a442440b,,,,,,,,,,,,,0.0,,,,,,,,,,,,,,,,,,0.0,,,,,,,,,,,,yes,yes,,product,no,,,,,,,,,,,,,,,,,,,,,,,,,
2428,Rockwood 1970s Black Velvet Pants,"Rockwood vintage pants from the '70s, made of soft corduroy. Wide flared cut, zip and button closure, 5 pockets.",it,,Bust: 34 cm. Hips: 44 cm,field_65778f7066bd9,,field_65778fe4a5e29,,,,field_65d8aae32342a,100% Cotton,field_664b3a442440b,,,,,,,,,,,,,0.0,,,,,,,,,,,,,,,,,,0.0,,,,,,,,,,,,yes,yes,,product,no,,,,,,,,,,,,,,,,,,,,,,,,,
2429,Rockwood Jeans Anni '70,"Vintage Rockwood jeans from the '70s. Wide flared cut, zip and button closure, 5 pockets.",it,,Bust: 34 cm. Hips: 42 cm,field_65778f7066bd9,,field_65778fe4a5e29,,,,field_65d8aae32342a,100% Cotton,field_664b3a442440b,,,,,,,,,,,,,0.0,,,,,,,,,,,,,,,,,,0.0,,,,,,,,,,,,yes,yes,,product,no,,,,,,,,,,,,,,,,,,,,,,,,,
2430,Rockwood Pants from the '70s in Blue Velvet,"Rockwood vintage pants from the '70s, made of soft corduroy. Wide flared cut, zip and button closure, 5 pockets.",it,,Bust: 34 cm. Hips: 44 cm,field_65778f7066bd9,,field_65778fe4a5e29,,,,field_65d8aae32342a,100% Cotton,field_664b3a442440b,,,,,,,,,,,,,0.0,,,,,,,,,,,,,,,,,,0.0,,,,,,,,,,,,yes,yes,,product,no,,,,,,,,,,,,,,,,,,,,,,,,,
2431,Rockwood Pants 70s in Bordeaux Velvet,"Rockwood vintage pants from the '70s, made of soft corduroy. Wide flared cut, zip and button closure, 5 pockets.",it,,Bust: 34 cm. Hips: 44 cm,field_65778f7066bd9,,field_65778fe4a5e29,,,,field_65d8aae32342a,100% Cotton,field_664b3a442440b,,,,,,,,,,,,,0.0,,,,,,,,,,,,,,,,,,0.0,,,,,,,,,,,,yes,yes,,product,no,,,,,,,,,,,,,,,,,,,,,,,,,
2432,Rockwood 1970s Beige Velvet Pants,"Rockwood vintage pants from the '70s, made of soft corduroy. Wide flared cut, zip and button closure, 5 pockets.",it,,Bust: 34 cm. Hips: 44 cm,field_65778f7066bd9,,field_65778fe4a5e29,,,,field_65d8aae32342a,100% Cotton,field_664b3a442440b,,,,,,,,,,,,,0.0,,,,,,,,,,,,,,,,,,0.0,,,,,,,,,,,,yes,yes,,product,no,,,,,,,,,,,,,,,,,,,,,,,,,
2433,Rockwood 1970s White Velvet Pants,"Rockwood vintage pants from the '70s, made of soft corduroy. Wide flared cut, zip and button closure, 5 pockets.",it,,Bust: 32 cm. Hips: 40 cm,field_65778f7066bd9,,field_65778fe4a5e29,,,,field_65d8aae32342a,100% Cotton,field_664b3a442440b,,,,,,,,,,,,,0.0,,,,,,,,,,,,,,,,,,0.0,,,,,,,,,,,,yes,yes,,product,no,,,,,,,,,,,,,,,,,,,,,,,,,
2434,Rockwood 1970s Brown Velvet Pants,"Rockwood vintage pants from the '70s, made of soft corduroy. Wide flared cut, zip and button closure, 5 pockets.",it,,Bust: 37 cm. Hips: 43 cm,field_65778f7066bd9,,field_65778fe4a5e29,,,,field_65d8aae32342a,100% Cotton,field_664b3a442440b,,,,,,,,,,,,,0.0,,,,,,,,,,,,,,,,,,0.0,,,,,,,,,,,,yes,yes,,product,no,,,,,,,,,,,,,,,,,,,,,,,,,
2435,Rockwood 1970s Black Velvet Pants,"Rockwood vintage pants from the '70s, made of soft corduroy. Wide flared cut, zip and button closure, 5 pockets.",it,,Bust: 37 cm. Hips: 43 cm,field_65778f7066bd9,,field_65778fe4a5e29,,,,field_65d8aae32342a,100% Cotton,field_664b3a442440b,,,,,,,,,,,,,0.0,,,,,,,,,,,,,,,,,,0.0,,,,,,,,,,,,yes,yes,,product,no,,,,,,,,,,,,,,,,,,,,,,,,,
2436,Rockwood 1970s Beige Velvet Pants,"Rockwood vintage pants from the '70s, made of soft corduroy. Wide flared cut, zip and button closure, 5 pockets.",it,,Bust: 37 cm. Hips: 43 cm,field_65778f7066bd9,,field_65778fe4a5e29,,,,field_65d8aae32342a,100% Cotton,field_664b3a442440b,,,,,,,,,,,,,0.0,,,,,,,,,,,,,,,,,,0.0,,,,,,,,,,,,yes,yes,,product,no,,,,,,,,,,,,,,,,,,,,,,,,,
2437,Rockwood 1970s Green Velvet Pants,"Rockwood vintage pants from the '70s, made of soft corduroy. Wide flared cut, zip and button closure, 5 pockets.",it,,Bust: 34 cm. Hips: 42 cm,field_65778f7066bd9,,field_65778fe4a5e29,,,,field_65d8aae32342a,100% Cotton,field_664b3a442440b,,,,,,,,,,,,,0.0,,,,,,,,,,,,,,,,,,0.0,,,,,,,,,,,,yes,yes,,product,no,,,,,,,,,,,,,,,,,,,,,,,,,
2438,Rockwood Pants 70s in Bordeaux Velvet,"Rockwood vintage pants from the '70s, made of soft corduroy. Wide flared cut, zip and button closure, 5 pockets.",it,,Bust: 34 cm. Hips: 44 cm,field_65778f7066bd9,,field_65778fe4a5e29,,,,field_65d8aae32342a,100% Cotton,field_664b3a442440b,,,,,,,,,,,,,0.0,,,,,,,,,,,,,,,,,,0.0,,,,,,,,,,,,yes,yes,,product,no,,,,,,,,,,,,,,,,,,,,,,,,,
2600,East Market Milan Poster 10 Years N.1,"Poster created by East Market Milano for the first 10 years with limited print run. Print with the text “PREZZI FOLLI PER ABITI MACCHIATI, CAPPOTTI TARLATI. SCARPE DA BUTTARE. UNA DELUSIONE ENEROME COL GRAN SENTORE DI INCULATA”. Paper weight 120g.",it,,50cmx70cm,field_65778f7066bd9,,,,,,,Letter 120g,field_664b3a442440b,,,,,,,,,,,,,,,,,,,,,,,,,,,,,,,,,,,,,,,,,,,,,,,,,,,,,,,,,,,,,,,,,,,,,,,,
2601,East Market Milano Poster 10 Years N.2,"Poster created by East Market Milano for the first 10 years with limited print. Print with the text “INDECENTE! UNA BOLGIA MAI VISTA, MUSICA A PALLA E QUATTRO CIANFRUSAGLIE SE VOLETE BUTTARE LA DOMENICA, ANDATECI PURE”. Paper weight 120g.",it,,50cmx70cm,field_65778f7066bd9,,,,,,,Letter 120g,field_664b3a442440b,,,,,,,,,,,,,,,,,,,,,,,,,,,,,,,,,,,,,,,,,,,,,,,,,,,,,,,,,,,,,,,,,,,,,,,,
2602,East Market Milano Poster 10 Years N.3,Poster created by East Market Milano for the first 10 years with limited print run. Print with the text “È SEVERAMENTE VIETATO CHIEDERE\nDI ABBASSARE LA MUSICA”. Paper weight 120g.,it,,50cmx70cm,field_65778f7066bd9,,,,,,,Letter 120g,field_664b3a442440b,,,,,,,,,,,,,,,,,,,,,,,,,,,,,,,,,,,,,,,,,,,,,,,,,,,,,,,,,,,,,,,,,,,,,,,,
2603,East Market Milano Poster 10 Years N.4,"Poster created by East Market Milano for the first 10 years with limited print run. Print with the text “""È VIETATO INSULTARE I DJ O AVERE ISTINTI VIOLENTI”. Paper weight 120g.",it,,50cmx70cm,field_65778f7066bd9,,,,,,,Letter 120g,field_664b3a442440b,,,,,,,,,,,,,,,,,,,,,,,,,,,,,,,,,,,,,,,,,,,,,,,,,,,,,,,,,,,,,,,,,,,,,,,,
2719,Riffblast Poster Rick and Morty,"Poster with artwork print by Riffblast. A3 format, high-quality print, 234g weight with a matte finish.",it,,A3,field_65778f7066bd9,,,,,,,Letter,field_664b3a442440b,,,,,,,,,,,,,,,,,,,,,,,,,,,,,,,,,,,,,,,,,,,,,,,,,,,,,,,,,,,,,,,,,,,,,,,,
2720,Riffblast Poster Daft Punk,"Poster with artwork print by Riffblast. A3 format, high-quality print, 234g weight with a matte finish.",it,,A3,field_65778f7066bd9,,field_65778fe4a5e29,,,,field_65d8aae32342a,Letter,field_664b3a442440b,,,,,,,,,,,,,0.0,,,,,,,,,,,,,,,,,,0.0,,,,,,,,,,,,yes,yes,,product,no,,,,,,,,,,,,,,,,,,,,,,,,,
2721,Riffblast Poster Red Bull,"Poster with artwork print by Riffblast. A3 format, high-quality print, 234g weight with a matte finish.",it,,A3,field_65778f7066bd9,,,,,,,Letter,field_664b3a442440b,,,,,,,,,,,,,,,,,,,,,,,,,,,,,,,,,,,,,,,,,,,,,,,,,,,,,,,,,,,,,,,,,,,,,,,,
2722,Riffblast Poster Alice Hermes,"Poster with artwork print by Riffblast. A3 format, high-quality print, 234g weight with a matte finish.",it,,A3,field_65778f7066bd9,,,,,,,Letter,field_664b3a442440b,,,,,,,,,,,,,,,,,,,,,,,,,,,,,,,,,,,,,,,,,,,,,,,,,,,,,,,,,,,,,,,,,,,,,,,,
2723,Riffblast Poster Yankees,"Poster with artwork print by Riffblast. A3 format, high-quality print, 234g weight with a matte finish.",it,,A3,field_65778f7066bd9,,,,,,,Letter,field_664b3a442440b,,,,,,,,,,,,,,,,,,,,,,,,,,,,,,,,,,,,,,,,,,,,,,,,,,,,,,,,,,,,,,,,,,,,,,,,
2724,Riffblast Poster Stranamore,"Poster with artwork print by Riffblast. A3 format, high-quality print, 234g weight with a matte finish.",it,,A3,field_65778f7066bd9,,,,,,,Letter,field_664b3a442440b,,,,,,,,,,,,,,,,,,,,,,,,,,,,,,,,,,,,,,,,,,,,,,,,,,,,,,,,,,,,,,,,,,,,,,,,
2725,Riffblast Poster Beavis & Butthead,"Poster with artwork print by Riffblast. A3 format, high-quality print, 234g weight with a matte finish.",it,,A3,field_65778f7066bd9,,,,,,,Letter,field_664b3a442440b,,,,,,,,,,,,,,,,,,,,,,,,,,,,,,,,,,,,,,,,,,,,,,,,,,,,,,,,,,,,,,,,,,,,,,,,
2726,Riffblast Poster Mariadona,"Poster with artwork print by Riffblast. A3 format, high-quality print, 234g weight with a matte finish.",it,,A3,field_65778f7066bd9,,,,,,,Letter,field_664b3a442440b,,,,,,,,,,,,,,,,,,,,,,,,,,,,,,,,,,,,,,,,,,,,,,,,,,,,,,,,,,,,,,,,,,,,,,,,
2727,Riffblast Poster Peter Karma,"Poster with artwork print by Riffblast. A3 format, high-quality print, 234g weight with a matte finish.",it,,A3,field_65778f7066bd9,,,,,,,Letter,field_664b3a442440b,,,,,,,,,,,,,,,,,,,,,,,,,,,,,,,,,,,,,,,,,,,,,,,,,,,,,,,,,,,,,,,,,,,,,,,,
2728,Riffblast Poster Super Mario,"Poster with artwork print by Riffblast. A3 format, high-quality print, 234g weight with a matte finish.",it,,A3,field_65778f7066bd9,,,,,,,Letter,field_664b3a442440b,,,,,,,,,,,,,,,,,,,,,,,,,,,,,,,,,,,,,,,,,,,,,,,,,,,,,,,,,,,,,,,,,,,,,,,,
2729,Riffblast Poster Calippo,"Poster with artwork print by Riffblast. A3 format, high-quality print, 234g weight with a matte finish.",it,,A3,field_65778f7066bd9,,,,,,,Letter,field_664b3a442440b,,,,,,,,,,,,,,,,,,,,,,,,,,,,,,,,,,,,,,,,,,,,,,,,,,,,,,,,,,,,,,,,,,,,,,,,
2730,Riffblast Poster Prada,"Poster with artwork print by Riffblast. A3 format, high-quality print, 234g weight with a matte finish.",it,,A3,field_65778f7066bd9,,,,,,,Letter,field_664b3a442440b,,,,,,,,,,,,,,,,,,,,,,,,,,,,,,,,,,,,,,,,,,,,,,,,,,,,,,,,,,,,,,,,,,,,,,,,
2731,Riffblast Poster Bugs Bunny,"Poster with artwork print by Riffblast. A3 format, high-quality print, 234g weight with a matte finish.",it,,A3,field_65778f7066bd9,,,,,,,Letter,field_664b3a442440b,,,,,,,,,,,,,,,,,,,,,,,,,,,,,,,,,,,,,,,,,,,,,,,,,,,,,,,,,,,,,,,,,,,,,,,,
2732,Riffblast Poster The Last Supper,"Poster with artwork print by Riffblast. A3 format, high-quality print, 234g weight with a matte finish.",it,,A3,field_65778f7066bd9,,field_65778fe4a5e29,,,,field_65d8aae32342a,Letter,field_664b3a442440b,,,,,,,,,,,,,0.0,,,,,,,,,,,,,,,,,,0.0,,,,,,,,,,,,yes,yes,,product,no,,,,,,,,,,,,,,,,,,,,,,,,,
2733,Riffblast Poster Cheesus Crist,"Poster with artwork print by Riffblast. A3 format, high-quality print, 234g weight with a matte finish.",it,,A3,field_65778f7066bd9,,,,,,,Letter,field_664b3a442440b,,,,,,,,,,,,,,,,,,,,,,,,,,,,,,,,,,,,,,,,,,,,,,,,,,,,,,,,,,,,,,,,,,,,,,,,
2734,Riffblast Poster Amazon,"Poster with artwork print by Riffblast. A3 format, high-quality print, 234g weight with a matte finish.",it,,A3,field_65778f7066bd9,,,,,,,Letter,field_664b3a442440b,,,,,,,,,,,,,,,,,,,,,,,,,,,,,,,,,,,,,,,,,,,,,,,,,,,,,,,,,,,,,,,,,,,,,,,,
2735,Riffblast Poster Mac Miller,"Poster with artwork print by Riffblast. A3 format, high-quality print, 234g weight with a matte finish.",it,,A3,field_65778f7066bd9,,,,,,,Letter,field_664b3a442440b,,,,,,,,,,,,,,,,,,,,,,,,,,,,,,,,,,,,,,,,,,,,,,,,,,,,,,,,,,,,,,,,,,,,,,,,
2736,Riffblast Poster Spiderman,"Poster with artwork print by Riffblast. A3 format, high-quality print, 234g weight with a matte finish.",it,,A3,field_65778f7066bd9,,,,,,,Letter,field_664b3a442440b,,,,,,,,,,,,,,,,,,,,,,,,,,,,,,,,,,,,,,,,,,,,,,,,,,,,,,,,,,,,,,,,,,,,,,,,
2737,Riffblast Poster Channel,"Poster with artwork print by Riffblast. A3 format, high-quality print, 234g weight with a matte finish.",it,,A3,field_65778f7066bd9,,,,,,,Letter,field_664b3a442440b,,,,,,,,,,,,,,,,,,,,,,,,,,,,,,,,,,,,,,,,,,,,,,,,,,,,,,,,,,,,,,,,,,,,,,,,
2738,Riffblast Poster Miu Miu,"Poster with artwork print by Riffblast. A3 format, high-quality print, 234g weight with a matte finish.",it,,A3,field_65778f7066bd9,,,,,,,Letter,field_664b3a442440b,,,,,,,,,,,,,,,,,,,,,,,,,,,,,,,,,,,,,,,,,,,,,,,,,,,,,,,,,,,,,,,,,,,,,,,,
2739,Riffblast Poster Dolce E Gabbana,"Poster with artwork print by Riffblast. A3 format, high-quality print, 234g weight with a matte finish.",it,,A3,field_65778f7066bd9,,field_65778fe4a5e29,,,,field_65d8aae32342a,Letter,field_664b3a442440b,,,,,,,,,,,,,0.0,,,,,,,,,,,,,,,,,,0.0,,,,,,,,,,,,yes,yes,,product,no,,,,,,,,,,,,,,,,,,,,,,,,,
2740,Riffblast Poster Adventure Time,"Poster with artwork print by Riffblast. A3 format, high-quality print, 234g weight with a matte finish.",it,,A3,field_65778f7066bd9,,field_65778fe4a5e29,,,,field_65d8aae32342a,Letter,field_664b3a442440b,,,,,,,,,,,,,0.0,,,,,,,,,,,,,,,,,,0.0,,,,,,,,,,,,yes,yes,,product,no,,,,,,,,,,,,,,,,,,,,,,,,,
2741,Riffblast Poster Bricoman,"Poster with artwork print by Riffblast. A3 format, high-quality print, 234g weight with a matte finish.",it,,A3,field_65778f7066bd9,,,,,,,Letter,field_664b3a442440b,,,,,,,,,,,,,,,,,,,,,,,,,,,,,,,,,,,,,,,,,,,,,,,,,,,,,,,,,,,,,,,,,,,,,,,,
2742,Riffblast Poster Goosebumps,"Poster with artwork print by Riffblast. A3 format, high-quality print, 234g weight with a matte finish.",it,,A3,field_65778f7066bd9,,,,,,,Letter,field_664b3a442440b,,,,,,,,,,,,,,,,,,,,,,,,,,,,,,,,,,,,,,,,,,,,,,,,,,,,,,,,,,,,,,,,,,,,,,,,
2743,Riffblast Poster Fendi,"Poster with artwork print by Riffblast. A3 format, high-quality print, 234g weight with a matte finish.",it,,A3,field_65778f7066bd9,,,,,,,Letter,field_664b3a442440b,,,,,,,,,,,,,,,,,,,,,,,,,,,,,,,,,,,,,,,,,,,,,,,,,,,,,,,,,,,,,,,,,,,,,,,,
2744,Riffblast Poster Post Malone,"Poster with artwork print by Riffblast. A3 format, high-quality print, 234g weight with a matte finish.",it,,A3,field_65778f7066bd9,,field_65778fe4a5e29,,,,field_65d8aae32342a,Letter,field_664b3a442440b,,,,,,,,,,,,,0.0,,,,,,,,,,,,,,,,,,0.0,,,,,,,,,,,,yes,yes,,product,no,,,,,,,,,,,,,,,,,,,,,,,,,
2745,Riffblast Poster Pantera Gucci,"Poster with artwork print by Riffblast. A3 format, high-quality print, 234g weight with a matte finish.",it,,A3,field_65778f7066bd9,,field_65778fe4a5e29,,,,field_65d8aae32342a,Letter,field_664b3a442440b,,,,,,,,,,,,,0.0,,,,,,,,,,,,,,,,,,0.0,,,,,,,,,,,,yes,yes,,product,no,,,,,,,,,,,,,,,,,,,,,,,,,
2746,Riffblast Poster Playboy,"Poster with artwork print by Riffblast. A3 format, high-quality print, 234g weight with a matte finish.",it,,A3,field_65778f7066bd9,,,,,,,Letter,field_664b3a442440b,,,,,,,,,,,,,,,,,,,,,,,,,,,,,,,,,,,,,,,,,,,,,,,,,,,,,,,,,,,,,,,,,,,,,,,,
2747,Riffblast Poster Gucci Sailor,"Poster with artwork print by Riffblast. A3 format, high-quality print, 234g weight with a matte finish.",it,,A3,field_65778f7066bd9,,field_65778fe4a5e29,,,,field_65d8aae32342a,Letter,field_664b3a442440b,,,,,,,,,,,,,0.0,,,,,,,,,,,,,,,,,,0.0,,,,,,,,,,,,yes,yes,,product,no,,,,,,,,,,,,,,,,,,,,,,,,,
2748,Riffblast Poster Gucci,"Poster with artwork print by Riffblast. A3 format, high-quality print, 234g weight with a matte finish.",it,,A3,field_65778f7066bd9,,,,,,,Letter,field_664b3a442440b,,,,,,,,,,,,,,,,,,,,,,,,,,,,,,,,,,,,,,,,,,,,,,,,,,,,,,,,,,,,,,,,,,,,,,,,
2749,Riffblast Poster Gucci,"Poster with artwork print by Riffblast. A3 format, high-quality print, 234g weight with a matte finish.",it,,A3,field_65778f7066bd9,,,,,,,Letter,field_664b3a442440b,,,,,,,,,,,,,,,,,,,,,,,,,,,,,,,,,,,,,,,,,,,,,,,,,,,,,,,,,,,,,,,,,,,,,,,,
2750,Riffblast Poster Coccolino,"Poster with artwork print by Riffblast. A3 format, high-quality print, 234g weight with a matte finish.",it,,A3,field_65778f7066bd9,,,,,,,Letter,field_664b3a442440b,,,,,,,,,,,,,,,,,,,,,,,,,,,,,,,,,,,,,,,,,,,,,,,,,,,,,,,,,,,,,,,,,,,,,,,,
2751,Riffblast Poster Prada,"Poster with artwork print by Riffblast. A3 format, high-quality print, 234g weight with a matte finish.",it,,A3,field_65778f7066bd9,,,,,,,Letter,field_664b3a442440b,,,,,,,,,,,,,,,,,,,,,,,,,,,,,,,,,,,,,,,,,,,,,,,,,,,,,,,,,,,,,,,,,,,,,,,,
2752,Riffblast Poster GCDS,"Poster with artwork print by Riffblast. A3 format, high-quality print, 234g weight with a matte finish.",it,,A3,field_65778f7066bd9,,,,,,,Letter,field_664b3a442440b,,,,,,,,,,,,,,,,,,,,,,,,,,,,,,,,,,,,,,,,,,,,,,,,,,,,,,,,,,,,,,,,,,,,,,,,
2753,Riffblast Poster Pokemon,"Poster with artwork print by Riffblast. A3 format, high-quality print, 234g weight with a matte finish.",it,,A3,field_65778f7066bd9,,,,,,,Letter,field_664b3a442440b,,,,,,,,,,,,,,,,,,,,,,,,,,,,,,,,,,,,,,,,,,,,,,,,,,,,,,,,,,,,,,,,,,,,,,,,
2754,Riffblast Poster Griffin,"Poster with artwork print by Riffblast. A3 format, high-quality print, 234g weight with a matte finish.",it,,A3,field_65778f7066bd9,,field_65778fe4a5e29,,,,field_65d8aae32342a,Letter,field_664b3a442440b,,,,,,,,,,,,,0.0,,,,,,,,,,,,,,,,,,0.0,,,,,,,,,,,,yes,yes,,product,no,,,,,,,,,,,,,,,,,,,,,,,,,
2755,Riffblast Poster Vans,"Poster with artwork print by Riffblast. A3 format, high-quality print, 234g weight with a matte finish.",it,,A3,field_65778f7066bd9,,,,,,,Letter,field_664b3a442440b,,,,,,,,,,,,,,,,,,,,,,,,,,,,,,,,,,,,,,,,,,,,,,,,,,,,,,,,,,,,,,,,,,,,,,,,
2756,Riffblast Poster Hotel Transylvania,"Poster with artwork print by Riffblast. A3 format, high-quality print, 234g weight with a matte finish.",it,,A3,field_65778f7066bd9,,,,,,,Letter,field_664b3a442440b,,,,,,,,,,,,,,,,,,,,,,,,,,,,,,,,,,,,,,,,,,,,,,,,,,,,,,,,,,,,,,,,,,,,,,,,
2757,Riffblast Poster Fonzies,"Poster with artwork print by Riffblast. A3 format, high-quality print, 234g weight with a matte finish.",it,,A3,field_65778f7066bd9,,,,,,,Letter,field_664b3a442440b,,,,,,,,,,,,,,,,,,,,,,,,,,,,,,,,,,,,,,,,,,,,,,,,,,,,,,,,,,,,,,,,,,,,,,,,
2758,Riffblast Poster Peter Griffin,"Poster with artwork print by Riffblast. A3 format, high-quality print, 234g weight with a matte finish.",it,,A3,field_65778f7066bd9,,,,,,,Letter,field_664b3a442440b,,,,,,,,,,,,,,,,,,,,,,,,,,,,,,,,,,,,,,,,,,,,,,,,,,,,,,,,,,,,,,,,,,,,,,,,
2759,Riffblast Poster Griffin,"Poster with artwork print by Riffblast. A3 format, high-quality print, 234g weight with a matte finish.",it,,A3,field_65778f7066bd9,,,,,,,Letter,field_664b3a442440b,,,,,,,,,,,,,,,,,,,,,,,,,,,,,,,,,,,,,,,,,,,,,,,,,,,,,,,,,,,,,,,,,,,,,,,,
2760,Riffblast Poster Kaws,"Poster with artwork print by Riffblast. A3 format, high-quality print, 234g weight with a matte finish.",it,,A3,field_65778f7066bd9,,,,,,,Letter,field_664b3a442440b,,,,,,,,,,,,,,,,,,,,,,,,,,,,,,,,,,,,,,,,,,,,,,,,,,,,,,,,,,,,,,,,,,,,,,,,
2761,Riffblast Poster Jeezus,"Poster with artwork print by Riffblast. A3 format, high-quality print, 234g weight with a matte finish.",it,,A3,field_65778f7066bd9,,,,,,,Letter,field_664b3a442440b,,,,,,,,,,,,,,,,,,,,,,,,,,,,,,,,,,,,,,,,,,,,,,,,,,,,,,,,,,,,,,,,,,,,,,,,
2762,Riffblast Poster Dunkin'Donuts,"Poster with artwork print by Riffblast. A3 format, high-quality print, 234g weight with a matte finish.",it,,A3,field_65778f7066bd9,,,,,,,Letter,field_664b3a442440b,,,,,,,,,,,,,,,,,,,,,,,,,,,,,,,,,,,,,,,,,,,,,,,,,,,,,,,,,,,,,,,,,,,,,,,,
2763,Riffblast Poster Dior,"Poster with artwork print by Riffblast. A3 format, high-quality print, 234g weight with a matte finish.",it,,A3,field_65778f7066bd9,,,,,,,Letter,field_664b3a442440b,,,,,,,,,,,,,,,,,,,,,,,,,,,,,,,,,,,,,,,,,,,,,,,,,,,,,,,,,,,,,,,,,,,,,,,,
2764,Riffblast Poster Street Fighter II,"Poster with artwork print by Riffblast. A3 format, high-quality print, 234g weight with a matte finish.",it,,A3,field_65778f7066bd9,,,,,,,Letter,field_664b3a442440b,,,,,,,,,,,,,,,,,,,,,,,,,,,,,,,,,,,,,,,,,,,,,,,,,,,,,,,,,,,,,,,,,,,,,,,,
2765,Riffblast Poster Rick & Morty,"Poster with artwork print by Riffblast. A3 format, high-quality print, 234g weight with a matte finish.",it,,A3,field_65778f7066bd9,,,,,,,Letter,field_664b3a442440b,,,,,,,,,,,,,,,,,,,,,,,,,,,,,,,,,,,,,,,,,,,,,,,,,,,,,,,,,,,,,,,,,,,,,,,,
2766,Riffblast Poster Gatorade,"Poster with artwork print by Riffblast. A3 format, high-quality print, 234g weight with a matte finish.",it,,A3,field_65778f7066bd9,,,,,,,Letter,field_664b3a442440b,,,,,,,,,,,,,,,,,,,,,,,,,,,,,,,,,,,,,,,,,,,,,,,,,,,,,,,,,,,,,,,,,,,,,,,,
2767,Riffblast Poster MasterChef,"Poster with artwork print by Riffblast. A3 format, high-quality print, 234g weight with a matte finish.",it,,A3,field_65778f7066bd9,,,,,,,Letter,field_664b3a442440b,,,,,,,,,,,,,,,,,,,,,,,,,,,,,,,,,,,,,,,,,,,,,,,,,,,,,,,,,,,,,,,,,,,,,,,,
2768,Riffblast Poster VapoRub,"Poster with artwork print by Riffblast. A3 format, high-quality print, 234g weight with a matte finish.",it,,A3,field_65778f7066bd9,,,,,,,Letter,field_664b3a442440b,,,,,,,,,,,,,,,,,,,,,,,,,,,,,,,,,,,,,,,,,,,,,,,,,,,,,,,,,,,,,,,,,,,,,,,,
2769,Riffblast Poster Simpson,"Poster with artwork print by Riffblast. A3 format, high-quality print, 234g weight with a matte finish.",it,,A3,field_65778f7066bd9,,,,,,,Letter,field_664b3a442440b,,,,,,,,,,,,,,,,,,,,,,,,,,,,,,,,,,,,,,,,,,,,,,,,,,,,,,,,,,,,,,,,,,,,,,,,
2770,Riffblast Poster Simpson,"Poster with artwork print by Riffblast. A3 format, high-quality print, 234g weight with a matte finish.",it,,A3,field_65778f7066bd9,,,,,,,Letter,field_664b3a442440b,,,,,,,,,,,,,,,,,,,,,,,,,,,,,,,,,,,,,,,,,,,,,,,,,,,,,,,,,,,,,,,,,,,,,,,,
2771,Riffblast Poster Homer Simpson,"Poster with artwork print by Riffblast. A3 format, high-quality print, 234g weight with a matte finish.",it,,A3,field_65778f7066bd9,,,,,,,Letter,field_664b3a442440b,,,,,,,,,,,,,,,,,,,,,,,,,,,,,,,,,,,,,,,,,,,,,,,,,,,,,,,,,,,,,,,,,,,,,,,,
2772,Riffblast Poster Thrasher,"Poster with artwork print by Riffblast. A3 format, high-quality print, 234g weight with a matte finish.",it,,A3,field_65778f7066bd9,,,,,,,Letter,field_664b3a442440b,,,,,,,,,,,,,,,,,,,,,,,,,,,,,,,,,,,,,,,,,,,,,,,,,,,,,,,,,,,,,,,,,,,,,,,,
2700,Riffblast Quadretto With Frame Thrasher,Artwork By Riffblast with a plastic frame. It can be hung or placed vertically. Print on glossy photographic paper of 280 g.,it,,10.5x15.5 cm,field_65778f7066bd9,,,,,,,Plastic and Photographic Paper,field_664b3a442440b,,,,,,,,,,,,,,,,,,,,,,,,,,,,,,,,,,,,,,,,,,,,,,,,,,,,,,,,,,,,,,,,,,,,,,,,
2701,Riffblast Quadretto With Frame Comme Des Garcons,Artwork By Riffblast with a plastic frame. It can be hung or placed vertically. Print on glossy photographic paper of 280 g.,it,,10.5x15.5 cm,field_65778f7066bd9,,,,,,,Plastic and Photographic Paper,field_664b3a442440b,,,,,,,,,,,,,,,,,,,,,,,,,,,,,,,,,,,,,,,,,,,,,,,,,,,,,,,,,,,,,,,,,,,,,,,,
2702,Riffblast Quadretto With Frame Domino's Pizza,Artwork By Riffblast with a plastic frame. It can be hung or placed vertically. Print on glossy photographic paper of 280 g.,it,,10.5x15.5 cm,field_65778f7066bd9,,,,,,,Plastic and Photographic Paper,field_664b3a442440b,,,,,,,,,,,,,,,,,,,,,,,,,,,,,,,,,,,,,,,,,,,,,,,,,,,,,,,,,,,,,,,,,,,,,,,,
2703,Riffblast Quadretto With Frame Louis Vuitton,Artwork By Riffblast with a plastic frame. It can be hung or placed vertically. Print on glossy photographic paper of 280 g.,it,,10.5x15.5 cm,field_65778f7066bd9,,,,,,,Plastic and Photographic Paper,field_664b3a442440b,,,,,,,,,,,,,,,,,,,,,,,,,,,,,,,,,,,,,,,,,,,,,,,,,,,,,,,,,,,,,,,,,,,,,,,,
2704,Riffblast Quadretto With Frame Mac Miller,Artwork By Riffblast with a plastic frame. It can be hung or placed vertically. Print on glossy photographic paper of 280 g.,it,,10.5x15.5 cm,field_65778f7066bd9,,,,,,,Plastic and Photographic Paper,field_664b3a442440b,,,,,,,,,,,,,,,,,,,,,,,,,,,,,,,,,,,,,,,,,,,,,,,,,,,,,,,,,,,,,,,,,,,,,,,,
2705,Riffblast Quadretto With Frame LV,Artwork By Riffblast with a plastic frame. It can be hung or placed vertically. Print on glossy photographic paper of 280 g.,it,,10.5x15.5 cm,field_65778f7066bd9,,,,,,,Plastic and Photographic Paper,field_664b3a442440b,,,,,,,,,,,,,,,,,,,,,,,,,,,,,,,,,,,,,,,,,,,,,,,,,,,,,,,,,,,,,,,,,,,,,,,,
2706,Riffblast Quadretto With Frame Gucci Tag,Artwork By Riffblast with a plastic frame. It can be hung or placed vertically. Print on glossy photographic paper of 280 g.,it,,10.5x15.5 cm,field_65778f7066bd9,,,,,,,Plastic and Photographic Paper,field_664b3a442440b,,,,,,,,,,,,,,,,,,,,,,,,,,,,,,,,,,,,,,,,,,,,,,,,,,,,,,,,,,,,,,,,,,,,,,,,
2707,Riffblast Quadretto With Frame Alice,Artwork By Riffblast with a plastic frame. It can be hung or placed vertically. Print on glossy photographic paper of 280 g.,it,,10.5x15.5 cm,field_65778f7066bd9,,,,,,,Plastic and Photographic Paper,field_664b3a442440b,,,,,,,,,,,,,,,,,,,,,,,,,,,,,,,,,,,,,,,,,,,,,,,,,,,,,,,,,,,,,,,,,,,,,,,,
2708,Riffblast Quadretto With Frame YSL,Artwork By Riffblast with a plastic frame. It can be hung or placed vertically. Print on glossy photographic paper of 280 g.,it,,13.5x18.5 cm,field_65778f7066bd9,,,,,,,Plastic and Photographic Paper,field_664b3a442440b,,,,,,,,,,,,,,,,,,,,,,,,,,,,,,,,,,,,,,,,,,,,,,,,,,,,,,,,,,,,,,,,,,,,,,,,
2709,Riffblast Quadretto With Frame Balenciaga Gucci,Artwork By Riffblast with a plastic frame. It can be hung or placed vertically. Print on glossy photographic paper of 280 g.,it,,13.5x18.5 cm,field_65778f7066bd9,,,,,,,Plastic and Photographic Paper,field_664b3a442440b,,,,,,,,,,,,,,,,,,,,,,,,,,,,,,,,,,,,,,,,,,,,,,,,,,,,,,,,,,,,,,,,,,,,,,,,
2710,Riffblast Quadretto With Coccolino Frame,Artwork By Riffblast with a plastic frame. It can be hung or placed vertically. Print on glossy photographic paper of 280 g.,it,,13.5x18.5 cm,field_65778f7066bd9,,,,,,,Plastic and Photographic Paper,field_664b3a442440b,,,,,,,,,,,,,,,,,,,,,,,,,,,,,,,,,,,,,,,,,,,,,,,,,,,,,,,,,,,,,,,,,,,,,,,,
2711,Riffblast Quadretto With Heineken Frame,Artwork By Riffblast with a plastic frame. It can be hung or placed vertically. Print on glossy photographic paper of 280 g.,it,,13.5x18.5 cm,field_65778f7066bd9,,,,,,,Plastic and Photographic Paper,field_664b3a442440b,,,,,,,,,,,,,,,,,,,,,,,,,,,,,,,,,,,,,,,,,,,,,,,,,,,,,,,,,,,,,,,,,,,,,,,,
2712,Riffblast Quadretto With Frame Gucci,Artwork By Riffblast with a plastic frame. It can be hung or placed vertically. Print on glossy photographic paper of 280 g.,it,,13.5x18.5 cm,field_65778f7066bd9,,,,,,,Plastic and Photographic Paper,field_664b3a442440b,,,,,,,,,,,,,,,,,,,,,,,,,,,,,,,,,,,,,,,,,,,,,,,,,,,,,,,,,,,,,,,,,,,,,,,,
2713,Riffblast Quadretto With Frame Gucci Topolino,Artwork By Riffblast with a plastic frame. It can be hung or placed vertically. Print on glossy photographic paper of 280 g.,it,,13.5x18.5 cm,field_65778f7066bd9,,,,,,,Plastic and Photographic Paper,field_664b3a442440b,,,,,,,,,,,,,,,,,,,,,,,,,,,,,,,,,,,,,,,,,,,,,,,,,,,,,,,,,,,,,,,,,,,,,,,,
2714,Riffblast Quadretto With Frame Jacquemus,Artwork By Riffblast with a plastic frame. It can be hung or placed vertically. Print on glossy photographic paper of 280 g.,it,,13.5x18.5 cm,field_65778f7066bd9,,,,,,,Plastic and Photographic Paper,field_664b3a442440b,,,,,,,,,,,,,,,,,,,,,,,,,,,,,,,,,,,,,,,,,,,,,,,,,,,,,,,,,,,,,,,,,,,,,,,,
2715,Riffblast Quadretto With Frame Gucci,Artwork By Riffblast with a plastic frame. It can be hung or placed vertically. Print on glossy photographic paper of 280 g.,it,,13.5x18.5 cm,field_65778f7066bd9,,,,,,,Plastic and Photographic Paper,field_664b3a442440b,,,,,,,,,,,,,,,,,,,,,,,,,,,,,,,,,,,,,,,,,,,,,,,,,,,,,,,,,,,,,,,,,,,,,,,,
2716,Riffblast Quadretto With Frame A Little Bit Of Pussy,Artwork By Riffblast with a plastic frame. It can be hung or placed vertically. Print on glossy photographic paper of 280 g.,it,,13.5x18.5 cm,field_65778f7066bd9,,,,,,,Plastic and Photographic Paper,field_664b3a442440b,,,,,,,,,,,,,,,,,,,,,,,,,,,,,,,,,,,,,,,,,,,,,,,,,,,,,,,,,,,,,,,,,,,,,,,,
2717,Riffblast Quadretto With Frame Ikea,Artwork By Riffblast with a plastic frame. It can be hung or placed vertically. Print on glossy photographic paper of 280 g.,it,,13.5x18.5 cm,field_65778f7066bd9,,,,,,,Plastic and Photographic Paper,field_664b3a442440b,,,,,,,,,,,,,,,,,,,,,,,,,,,,,,,,,,,,,,,,,,,,,,,,,,,,,,,,,,,,,,,,,,,,,,,,
2718,Riffblast Quadretto With Frame Santa Pazienza,Artwork By Riffblast with a plastic frame. It can be hung or placed vertically. Print on glossy photographic paper of 280 g.,it,,13.5x18.5 cm,field_65778f7066bd9,,,,,,,Plastic and Photographic Paper,field_664b3a442440b,,,,,,,,,,,,,,,,,,,,,,,,,,,,,,,,,,,,,,,,,,,,,,,,,,,,,,,,,,,,,,,,,,,,,,,,
B100,Marco Bologna Denim Jacket,Marco Bologna denim jacket with rhinestone details and fringes.,it,,,,,,,,,,100% Cotton,field_664b3a442440b,,,,,,,,,,,,,,,,,,,,,,,,,,,,,,,,,,,,,,,,,,,,,,,,,,,,,,,,,,,,,,,,,,,,,,,,
B101,Cottoncitizen Complete Denim,"Complete denim by Cottoncitizen consisting of a jacket, shirt, and high-waisted denim with a marbled effect in shades of chocolate.",it,,,field_65778f7066bd9,,field_65778fe4a5e29,,,,field_65d8aae32342a,100% Cotton,field_664b3a442440b,,,,,,,,,,,,,0.0,,,,,,,,,,,,,,,,,,0.0,,,,,,,,,,,,yes,yes,,product,no,,,,,,,,,,,,,,,,,,,,,,,,,
B102,Chiara Biasi x 7 For All Mankind Denim Jacket,"Denim jacket shirt by Chiara Biasi x 7 For All Mankind with a branded snap button, removable belt, and removable cuff detail.",it,,,,,,,,,,100% Cotton,field_664b3a442440b,,,,,,,,,,,,,,,,,,,,,,,,,,,,,,,,,,,,,,,,,,,,,,,,,,,,,,,,,,,,,,,,,,,,,,,,
B103,3x1 Biker In Denim,"Biker in denim by 3x1, full central zip, slightly padded shoulder, side pockets with zip closure. Medium light wash on gray.",it,,,,,,,,,,100% Cotton,field_664b3a442440b,,,,,,,,,,,,,,,,,,,,,,,,,,,,,,,,,,,,,,,,,,,,,,,,,,,,,,,,,,,,,,,,,,,,,,,,
B104,Levi's Jeans,"Levi's jeans with adjustable side chain via carabiner, frayed background. Model 501.",it,,,,,,,,,,100% Cotton,field_664b3a442440b,,,,,,,,,,,,,,,,,,,,,,,,,,,,,,,,,,,,,,,,,,,,,,,,,,,,,,,,,,,,,,,,,,,,,,,,
B105,Amili Sindlev & Bettina Vermillon Blue Boots,"Blue leather boots by Amili Sindlev & Bettina Vermillon, with a rubber army green sole.",it,,,field_65778f7066bd9,,field_65778fe4a5e29,,,,field_65d8aae32342a,100% Leather,field_664b3a442440b,,,,,,,,,,,,,0.0,,,,,,,,,,,,,,,,,,0.0,,,,,,,,,,,,yes,yes,,product,no,,,,,,,,,,,,,,,,,,,,,,,,,
B106,Emanuelle Vee Tronchetti,"Leather ankle boots by Emanuelle Vee, color block in leather and cream with contrasting printed python inserts, internal zip, stiletto heel.",it,,,field_65778f7066bd9,,field_65778fe4a5e29,,,,field_65d8aae32342a,100% Leather,field_664b3a442440b,,,,,,,,,,,,,0.0,,,,,,,,,,,,,,,,,,0.0,,,,,,,,,,,,yes,yes,,product,no,,,,,,,,,,,,,,,,,,,,,,,,,
B107,3 June Pointed Silver Décolleté,Pointed décolleté with ankle strap by 3Juin in leather.,it,,,field_65778f7066bd9,,field_65778fe4a5e29,,,,field_65d8aae32342a,100% Leather,field_664b3a442440b,,,,,,,,,,,,,0.0,,,,,,,,,,,,,,,,,,0.0,,,,,,,,,,,,yes,yes,,product,no,,,,,,,,,,,,,,,,,,,,,,,,,
B108,Jia De Lara Décolleté,Jia De Lara décolleté in blue leather with contrasting python detail. Heel 10 cm.,it,,,field_65778f7066bd9,,field_65778fe4a5e29,,,,field_65d8aae32342a,100% Leather,field_664b3a442440b,,,,,,,,,,,,,0.0,,,,,,,,,,,,,,,,,,0.0,,,,,,,,,,,,yes,yes,,product,no,,,,,,,,,,,,,,,,,,,,,,,,,
B109,Mascia Mandolesi Suede Décolleté,Electric blue suede décolleté by Mascia Mandolesi. Heel 10 cm.,it,,,field_65778f7066bd9,,field_65778fe4a5e29,,,,field_65d8aae32342a,100% Leather,field_664b3a442440b,,,,,,,,,,,,,0.0,,,,,,,,,,,,,,,,,,0.0,,,,,,,,,,,,yes,yes,,product,no,,,,,,,,,,,,,,,,,,,,,,,,,
B110,Bruno Bordese Boots,"Bruno Bordese boots in nubuck and leather, 8 cm square heel.",it,,,field_65778f7066bd9,,field_65778fe4a5e29,,,,field_65d8aae32342a,100% Leather,field_664b3a442440b,,,,,,,,,,,,,0.0,,,,,,,,,,,,,,,,,,0.0,,,,,,,,,,,,yes,yes,,product,no,,,,,,,,,,,,,,,,,,,,,,,,,
B111,WRSTBHVR Gray Hoodie,Gray mélange tracksuit by WRSTBHVR consisting of a cropped sweatshirt and straight pants with an elastic waistband. Patch on the back of the sweatshirt and on the side of the pants.,it,,,field_65778f7066bd9,,field_65778fe4a5e29,,,,field_65d8aae32342a,70% Cotton 30% Polyester,field_664b3a442440b,,,,,,,,,,,,,0.0,,,,,,,,,,,,,,,,,,0.0,,,,,,,,,,,,yes,yes,,product,no,,,,,,,,,,,,,,,,,,,,,,,,,
B112,Homiès Gray Hoodie,Gray melange tracksuit by Homiès consisting of a sweatshirt with a half zip and high collar and pants with elastic at the bottom and at the waist.,it,,,,,,,,,,100% Cotton,field_664b3a442440b,,,,,,,,,,,,,,,,,,,,,,,,,,,,,,,,,,,,,,,,,,,,,,,,,,,,,,,,,,,,,,,,,,,,,,,,
B118,GENTLESHRIMP Black Sweatshirt,"Black hoodie, tone-on-tone writing on the front and contrasting on the back.",it,,,,,,,,,,100% Cotton,field_664b3a442440b,,,,,,,,,,,,,,,,,,,,,,,,,,,,,,,,,,,,,,,,,,,,,,,,,,,,,,,,,,,,,,,,,,,,,,,,
B119,Twicetonice Pants,"Technical pants by Twicetonice, acid green, elastic waistband and drawstring at the bottom.",it,,,,,,,,,,92% Nylon 8% Spandex,field_664b3a442440b,,,,,,,,,,,,,,,,,,,,,,,,,,,,,,,,,,,,,,,,,,,,,,,,,,,,,,,,,,,,,,,,,,,,,,,,
B120,Represent Pantalone,"Technical pants by represent, iridescent military green, elastic waistband and drawstring at the bottom.",it,,,field_65778f7066bd9,,field_65778fe4a5e29,,,,field_65d8aae32342a,,field_664b3a442440b,,,,,,,,,,,,,0.0,,,,,,,,,,,,,,,,,,0.0,,,,,,,,,,,,yes,yes,,product,no,,,,,,,,,,,,,,,,,,,,,,,,,
B121,Duno Fuchsia Vest,"Fuchsia Duno vest, full zip, woven pattern on the front, two side pockets. Thermal padding.",it,,,,,,,,,,100% Polyamide,field_664b3a442440b,,,,,,,,,,,,,,,,,,,,,,,,,,,,,,,,,,,,,,,,,,,,,,,,,,,,,,,,,,,,,,,,,,,,,,,,
B122,Kenzo x Levi's Denim Jacket,Kenzo x Levi's denim jacket. Light medium wash.,it,,,field_65778f7066bd9,,field_65778fe4a5e29,,,,field_65d8aae32342a,100% Cotton,field_664b3a442440b,,,,,,,,,,,,,0.0,,,,,,,,,,,,,,,,,,0.0,,,,,,,,,,,,yes,yes,,product,no,,,,,,,,,,,,,,,,,,,,,,,,,
B123,7 days Active Sweatshirt,"Sweatshirt 7 Days Active, crew neck, anthracite gray.",it,,,,,,,,,,100% Cotton,field_664b3a442440b,,,,,,,,,,,,,,,,,,,,,,,,,,,,,,,,,,,,,,,,,,,,,,,,,,,,,,,,,,,,,,,,,,,,,,,,
B124,Akala Tuta Panna,Tracksuit Di Akala color made up of a hoodie with a drawstring at the bottom and pants with an elastic waistband and at the bottom.,it,,,field_65778f7066bd9,,field_65778fe4a5e29,,,,field_65d8aae32342a,"92% Cotton, 8% Polyurethane",field_664b3a442440b,,,,,,,,,,,,,0.0,,,,,,,,,,,,,,,,,,0.0,,,,,,,,,,,,yes,yes,,product,no,,,,,,,,,,,,,,,,,,,,,,,,,
B125,GENTLESHRIM T Shirt,White short-sleeve T-shirt by GENTLESHRIMP. Embroidery on the chest.,it,,,,,,,,,,100% Cotton,field_664b3a442440b,,,,,,,,,,,,,,,,,,,,,,,,,,,,,,,,,,,,,,,,,,,,,,,,,,,,,,,,,,,,,,,,,,,,,,,,
B126,Chiara Biasi x 7 For All Mankind Trench Denim,"Trench in denim by Chiara Biasi x 7 For All Mankind Denim Jacket, double-breasted, oversized fit, removable belt, logo metal buttons.",it,,,,,,,,,,"99% Cotton, 1% Elastane",field_664b3a442440b,,,,,,,,,,,,,,,,,,,,,,,,,,,,,,,,,,,,,,,,,,,,,,,,,,,,,,,,,,,,,,,,,,,,,,,,
B127,Manurì T Shirt Cropped,Cropped T-shirt in elasticized fabric with pom-pom details and golden buttons.,it,,,,,,,,,,)6% Viscose 4% ELASTANE,field_664b3a442440b,,,,,,,,,,,,,,,,,,,,,,,,,,,,,,,,,,,,,,,,,,,,,,,,,,,,,,,,,,,,,,,,,,,,,,,,
B128,Levi's x Stranger Things Denim Jacket,Levi's x Stranger Things denim jacket. Pattern with printed characters.,it,,,,,,,,,,100% Cotton,field_664b3a442440b,,,,,,,,,,,,,,,,,,,,,,,,,,,,,,,,,,,,,,,,,,,,,,,,,,,,,,,,,,,,,,,,,,,,,,,,
B129,WRSTBHVR Tuta Tortora,Tuta color tortora by WRSTBHVR made up of a cropped crewneck sweatshirt and wide-leg pants with an elastic waistband.,it,,,,,,,,,,100% Cotton,field_664b3a442440b,,,,,,,,,,,,,,,,,,,,,,,,,,,,,,,,,,,,,,,,,,,,,,,,,,,,,,,,,,,,,,,,,,,,,,,,
B130,Acne Studios T Shirt Samnicata,Gray anthracite sleeveless T-shirt by Acne Studios with contrasting black fringe detail.,it,,,,,,,,,,100% Cotton,field_664b3a442440b,,,,,,,,,,,,,,,,,,,,,,,,,,,,,,,,,,,,,,,,,,,,,,,,,,,,,,,,,,,,,,,,,,,,,,,,
2780,"East Market Milano Round Mirror ""I LOVE YOU TO THE MOON AND BACK""","Round decorative mirror, diameter 20 cm with the inscription ""I LOVE YOU TO THE MOON AND BACK"".",it,pll_67a5dff569e9a,Ø 20 cm,field_65778f7066bd9,,field_65778fe4a5e29,,,,field_65d8aae32342a,"Glass, Plastic sheet",field_664b3a442440b,,,,,,,0.0,,,0.0,,,0.0,,,,,,,,,,,,,,,,,,0.0,,,,,,,,,,,,yes,yes,,product,no,,,,,,,,,,,,,,,,,,,,,,,,,
2781,"East Market Milan Round Mirror ""LOVE IS IN THE AIR""","Round decorative mirror, diameter 20 cm with the inscription ""LOVE IS IN THE AIR"".",it,pll_67a5e1707dbce,Ø 20 cm,field_65778f7066bd9,,field_65778fe4a5e29,,,,field_65d8aae32342a,"Glass, Plastic sheet",field_664b3a442440b,,,,,,,0.0,,,0.0,,,0.0,,,,,,,,,,,,,,,,,,0.0,,,,,,,,,,,,yes,yes,,product,no,,,,,,,,,,,,,,,,,,,,,,,,,
2782,"East Market Milano Round Mirror ""I HATE YOU BUT I LOVE YOU""","Round decorative mirror, diameter 20 cm with the inscription ""I HATE YOU BUT I LOVE YOU"".",it,pll_67a5e1b7cb305,Ø 20 cm,field_65778f7066bd9,,field_65778fe4a5e29,,,,field_65d8aae32342a,"Glass, Plastic sheet",field_664b3a442440b,,,,,,,0.0,,,0.0,,,0.0,,,,,,,,,,,,,,,,,,0.0,,,,,,,,,,,,yes,yes,,product,no,,,,,,,,,,,,,,,,,,,,,,,,,
